[
  {
    "Author": "Moon Magic Team",
    "Name": "Moon Magic",
    "Description": "Penumbra conflict manager + Glamourer one-click switching + importer from Mare/Snowcloak.",
    "InternalName": "MoonMagic",         // must match Manifest.json
    "AssemblyVersion": "0.1.0",
    "RepoUrl": "https://github.com/Moon-Magic-Z/Moon-Magic",      // <— YOU
    "ApplicableVersion": "any",
    "DalamudApiLevel": 13,               // bump when Dalamud updates
    "Punchline": "Wardrobe & Glamours, one click.",
    "IsHide": false,
    "IsTestingExclusive": false,

    // After your first release tag (v0.1.0), change <TAG> below to v0.1.0
    "DownloadLinkInstall": "https://github.com/Moon-Magic-Z/Moon-Magic/releases/download/<TAG>/latest.zip",
    "DownloadLinkUpdate":  "https://github.com/Moon-Magic-Z/Moon-Magic/releases/download/<TAG>/latest.zip",

    "LastUpdate": "1735510493",          // CI can overwrite; any Unix time ok initially
    "IconUrl": "https://raw.githubusercontent.com/Moon-Magic-Z/Moon-Magic/main/assets/icon-128.png",
    "ImageUrls": []
  }
]
