{
  "Author": "Moon Magic Team",
  "Name": "Moon Magic",
  "InternalName": "MoonMagic",
  "AssemblyVersion": "1.0.0.0",
  "Description": "Unified mod orchestration for FFXIV: Penumbra conflict manager (Wardrobe), Glamourer one-click outfits (Glamours), importer from Mare/Snowcloak, typed EULA consent, and Ko-fi Donate button.",
  "ApplicableVersion": "any",
  "RepoUrl": "https://github.com/Moon-Magic-Z/Moon-Magic",
  "Tags": [
    "mods",
    "penumbra",
    "glamourer",
    "sync",
    "wardrobe"
  ],
  "CategoryTags": [
    "UI",
    "Customization"
  ],
  "DalamudApiLevel": 13,
  "LoadRequiredState": 0,
  "LoadSync": false,
  "CanUnloadAsync": false,
  "LoadPriority": 0,
  "ImageUrls": [],
  "IconUrl": "https://raw.githubusercontent.com/Moon-Magic-Z/Moon-Magic/main/assets/icon-128.png",
  "Punchline": "Wardrobe conflicts + Glamourer one-click.",
  "Changelog": "Initial public build.",
  "AcceptsFeedback": true
}